{
  "alwaysOnTop": false,
  "backgroundColor": null,
  "basicAuthPassword": null,
  "basicAuthUsername": null,
  "bounce": false,
  "clearCache": false,
  "counter": false,
  "darwinDarkModeSupport": false,
  "disableGpu": false,
  "diskCacheSize": null,
  "enableEs3Apis": false,
  "fastQuit": false,
  "flashPluginDir": null,
  "fullScreen": false,
  "globalShortcuts": null,
  "height": 800,
  "ignoreCertificate": false,
  "ignoreGpuBlacklist": false,
  "insecure": false,
  "internalUrls": null,
  "blockExternalUrls": false,
  "maximize": false,
  "name": "Duolingo",
  "nativefierVersion": "42.2.0",
  "proxyRules": null,
  "showMenuBar": false,
  "singleInstance": false,
  "targetUrl": "https://www.duolingo.com/learn",
  "titleBarStyle": null,
  "tray": false,
  "userAgent": "Mozilla/5.0 (X11; Linux x86_64) AppleWebKit/537.36 (KHTML, like Gecko) Chrome/87.0.4280.88 Safari/537.36",
  "width": 1280,
  "win32metadata": {},
  "disableOldBuildWarning": false,
  "zoom": 1,
  "buildDate": 1611770794628
}
